URL,Photo Name,Description
https://lichenproject.org/collections/full-library/products/CamilleHavasBC-10,CamilleHavasBC-10,"Credit: Lichen, Camille Havas and territorial acknowledgement. Learn more about this photographer. This photo was donated to Lichen."
https://lichenproject.org/collections/full-library/products/CamilleHavasBC-11,CamilleHavasBC-11,"Credit: Lichen, Camille Havas and territorial acknowledgement. Learn more about this photographer. This photo was donated to Lichen."
https://lichenproject.org/collections/full-library/products/CamilleHavasBC-12,CamilleHavasBC-12,"Credit: Lichen, Camille Havas and territorial acknowledgement. Learn more about this photographer. This photo was donated to Lichen."
https://lichenproject.org/collections/full-library/products/CamilleHavasBC-13,CamilleHavasBC-13,"Credit: Lichen, Camille Havas and territorial acknowledgement. Learn more about this photographer. This photo was donated to Lichen."
https://lichenproject.org/collections/full-library/products/CamilleHavasBC-19,CamilleHavasBC-19,"Credit: Lichen, Camille Havas and territorial acknowledgement. Learn more about this photographer. This photo was donated to Lichen."
https://lichenproject.org/collections/full-library/products/CamilleHavasBC-23,CamilleHavasBC-23,"Credit: Lichen, Camille Havas and territorial acknowledgement. Learn more about this photographer. This photo was donated to Lichen."
https://lichenproject.org/collections/full-library/products/CamilleHavasBC-24,CamilleHavasBC-24,"Credit: Lichen, Camille Havas and territorial acknowledgement. Learn more about this photographer. This photo was donated to Lichen."
https://lichenproject.org/collections/full-library/products/CamilleHavasBC-25,CamilleHavasBC-25,"Credit: Lichen, Camille Havas and territorial acknowledgement. Learn more about this photographer. This photo was donated to Lichen."
https://lichenproject.org/collections/full-library/products/CamilleHavasBC-29,CamilleHavasBC-29,"Credit: Lichen, Camille Havas and territorial acknowledgement. Learn more about this photographer. This photo was donated to Lichen."
https://lichenproject.org/collections/full-library/products/CamilleHavasBC-30,CamilleHavasBC-30,"Credit: Lichen, Camille Havas and territorial acknowledgement. Learn more about this photographer. This photo was donated to Lichen."
https://lichenproject.org/collections/full-library/products/CamilleHavasBC-35,CamilleHavasBC-35,"Credit: Lichen, Camille Havas and territorial acknowledgement. Learn more about this photographer. This photo was donated to Lichen."
https://lichenproject.org/collections/full-library/products/CamilleHavasBC-42,CamilleHavasBC-42,"Credit: Lichen, Camille Havas and territorial acknowledgement. Learn more about this photographer. This photo was donated to Lichen."
https://lichenproject.org/collections/full-library/products/CamilleHavasBC-43,CamilleHavasBC-43,"Credit: Lichen, Camille Havas and territorial acknowledgement. Learn more about this photographer."
https://lichenproject.org/collections/full-library/products/CamilleHavasBC-47,CamilleHavasBC-47,"Credit: Lichen, Camille Havas and territorial acknowledgement. Learn more about this photographer."
https://lichenproject.org/collections/full-library/products/CamilleHavasBC-48,CamilleHavasBC-48,"Credit: Lichen, Camille Havas and territorial acknowledgement. Learn more about this photographer."
https://lichenproject.org/collections/full-library/products/CamilleHavasBC-49,CamilleHavasBC-49,"Credit: Lichen, Camille Havas and territorial acknowledgement. Learn more about this photographer."
https://lichenproject.org/collections/full-library/products/CamilleHavasBC-52,CamilleHavasBC-52,"Credit: Lichen, Camille Havas and territorial acknowledgement. Learn more about this photographer."
https://lichenproject.org/collections/full-library/products/CamilleHavasBC-53,CamilleHavasBC-53,"Credit: Lichen, Camille Havas and territorial acknowledgement. Learn more about this photographer."
https://lichenproject.org/collections/full-library/products/CamilleHavasBC-57,CamilleHavasBC-57,"Credit: Lichen, Camille Havas and territorial acknowledgement. Learn more about this photographer."
https://lichenproject.org/collections/full-library/products/CamilleHavasBC-58,CamilleHavasBC-58,"Credit: Lichen, Camille Havas and territorial acknowledgement. Learn more about this photographer."
https://lichenproject.org/collections/full-library/products/CamilleHavasBC-68,CamilleHavasBC-68,"Credit: Lichen, Camille Havas and territorial acknowledgement. Learn more about this photographer."
https://lichenproject.org/collections/full-library/products/CamilleHavasBC-70,CamilleHavasBC-70,"Credit: Lichen, Camille Havas and territorial acknowledgement. Learn more about this photographer."
https://lichenproject.org/collections/full-library/products/CamilleHavasBC-72,CamilleHavasBC-72,"Credit: Lichen, Camille Havas and territorial acknowledgement. Learn more about this photographer."
https://lichenproject.org/collections/full-library/products/CamilleHavasBC-73,CamilleHavasBC-73,"Credit: Lichen, Camille Havas and territorial acknowledgement. Learn more about this photographer."
https://lichenproject.org/collections/full-library/products/CamilleHavasBC-76,CamilleHavasBC-76,"Credit: Lichen, Camille Havas and territorial acknowledgement. Learn more about this photographer."
https://lichenproject.org/collections/full-library/products/CamilleHavasBC-81,CamilleHavasBC-81,"Credit: Lichen, Camille Havas and territorial acknowledgement. Learn more about this photographer."
https://lichenproject.org/collections/full-library/products/CamilleHavasBC-85,CamilleHavasBC-85,"Credit: Lichen, Camille Havas and territorial acknowledgement. Learn more about this photographer."
https://lichenproject.org/collections/full-library/products/CamilleHavasBC-87,CamilleHavasBC-87,"Credit: Lichen, Camille Havas and territorial acknowledgement. Learn more about this photographer. This photo was donated to Lichen."
https://lichenproject.org/collections/full-library/products/CamilleHavasBC-89,CamilleHavasBC-89,"Credit: Lichen, Camille Havas and territorial acknowledgement. Learn more about this photographer. This photo was donated to Lichen."
https://lichenproject.org/collections/full-library/products/CamilleHavasBC-93,CamilleHavasBC-93,"Credit: Lichen, Camille Havas and territorial acknowledgement. Learn more about this photographer. This photo was donated to Lichen."
https://lichenproject.org/collections/full-library/products/CamilleHavasBC-95,CamilleHavasBC-95,"Credit: Lichen, Camille Havas and territorial acknowledgement. Learn more about this photographer. This photo was donated to Lichen."
https://lichenproject.org/collections/full-library/products/CamilleHavasBC-96,CamilleHavasBC-96,"Credit: Lichen, Camille Havas and territorial acknowledgement. Learn more about this photographer. This photo was donated to Lichen."
https://lichenproject.org/collections/full-library/products/CamilleHavasBC-2,CamilleHavasBC-2,"Credit: Lichen, Camille Havas and territorial acknowledgement. Learn more about this photographer. This photo was donated to Lichen."
https://lichenproject.org/collections/full-library/products/CamilleHavasBC-4,CamilleHavasBC-4,"Credit: Lichen, Camille Havas and territorial acknowledgement. Learn more about this photographer. This photo was donated to Lichen."
https://lichenproject.org/collections/full-library/products/CamilleHavasBC-6,CamilleHavasBC-6,"Credit: Lichen, Camille Havas and territorial acknowledgement. Learn more about this photographer."
https://lichenproject.org/collections/full-library/products/CamilleHavasBC-9,CamilleHavasBC-9,"Credit: Lichen, Camille Havas and territorial acknowledgement. Learn more about this photographer. This photo was donated to Lichen."
https://lichenproject.org/collections/full-library/products/CamilleHavasBC-100,CamilleHavasBC-100,"Credit: Lichen, Camille Havas and territorial acknowledgement. Learn more about this photographer. This photo was donated to Lichen."
